{
  "K": 73,
  "label_codes": [
    "L0",
    "L1",
    "L2",
    "L3",
    "L4",
    "L5",
    "L6",
    "L7",
    "L8",
    "L9",
    "L10",
    "L11",
    "L12",
    "L13",
    "L14",
    "L15",
    "L16",
    "L17",
    "L18",
    "L19",
    "L20",
    "L21",
    "L22",
    "L23",
    "L24",
    "L25",
    "L26",
    "L27",
    "L28",
    "L29",
    "L30",
    "L31",
    "L32",
    "L33",
    "L34",
    "L35",
    "L36",
    "L37",
    "L38",
    "L39",
    "L40",
    "L41",
    "L42",
    "L43",
    "L44",
    "L45",
    "L46",
    "L47",
    "L48",
    "L49",
    "L50",
    "L51",
    "L52",
    "L53",
    "L54",
    "L55",
    "L56",
    "L57",
    "L58",
    "L59",
    "L60",
    "L61",
    "L62",
    "L63",
    "L64",
    "L65",
    "L66",
    "L67",
    "L68",
    "L69",
    "L70",
    "L71",
    "L72"
  ],
  "thr_f1": [
    0.5111788511276245,
    0.5100586414337158,
    0.46348801255226135,
    0.43920761346817017,
    0.41712743043899536,
    0.5184711813926697,
    0.4465908110141754,
    0.43518152832984924,
    0.44335806369781494,
    0.4215090870857239,
    0.41682273149490356,
    0.41742026805877686,
    0.4346187114715576,
    0.3911399841308594,
    0.40565240383148193,
    0.4002540111541748,
    0.3989236056804657,
    0.4218890964984894,
    0.38421326875686646,
    0.36953863501548767,
    0.40926888585090637,
    0.4051877558231354,
    0.40458548069000244,
    0.3849447965621948,
    0.37770068645477295,
    0.38144174218177795,
    0.4102094769477844,
    0.386474072933197,
    0.3595186769962311,
    0.4149755835533142,
    0.3826534152030945,
    0.38259157538414,
    0.36503729224205017,
    0.35372868180274963,
    0.4400986135005951,
    0.4383953809738159,
    0.35638198256492615,
    0.3443107604980469,
    0.37124723196029663,
    0.3609803318977356,
    0.3882425129413605,
    0.36256834864616394,
    0.4021940231323242,
    0.4097309410572052,
    0.33702462911605835,
    0.34885847568511963,
    0.40386468172073364,
    0.36457011103630066,
    0.36762458086013794,
    0.35288527607917786,
    0.4022787809371948,
    0.3571752607822418,
    0.33150431513786316,
    0.33491766452789307,
    0.3355260193347931,
    0.3944031000137329,
    0.37022387981414795,
    0.3484545648097992,
    0.33420518040657043,
    0.33191928267478943,
    0.3217863142490387,
    0.341816782951355,
    0.3480142056941986,
    0.324300616979599,
    0.3248455226421356,
    0.309543251991272,
    0.3298710882663727,
    0.3385680019855499,
    0.38466861844062805,
    0.3557493984699249,
    0.3271162211894989,
    0.33866655826568604,
    0.3729058504104614
  ],
  "ppv_targets": [
    0.5,
    0.3
  ],
  "thr_ppv": {
    "0.50": [
      0.5111788511276245,
      0.5100586414337158,
      0.46348801255226135,
      0.43920761346817017,
      0.41712743043899536,
      0.6902817487716675,
      0.4465908110141754,
      0.43518152832984924,
      0.44335806369781494,
      0.4215090870857239,
      0.41682273149490356,
      0.41742026805877686,
      0.4346187114715576,
      0.3911399841308594,
      0.40565240383148193,
      0.4002540111541748,
      0.3989236056804657,
      0.4218890964984894,
      0.38421326875686646,
      0.36953863501548767,
      0.40926888585090637,
      0.4051877558231354,
      0.40458548069000244,
      0.3849447965621948,
      0.37770068645477295,
      0.38144174218177795,
      0.4102094769477844,
      0.386474072933197,
      0.3595186769962311,
      0.4149755835533142,
      0.3826534152030945,
      0.38259157538414,
      0.36503729224205017,
      0.35372868180274963,
      0.4400986135005951,
      0.4383953809738159,
      0.35638198256492615,
      0.3443107604980469,
      0.37124723196029663,
      0.3609803318977356,
      0.3882425129413605,
      0.36256834864616394,
      0.5930988788604736,
      0.4097309410572052,
      0.33702462911605835,
      0.34885847568511963,
      0.40386468172073364,
      0.36457011103630066,
      0.36762458086013794,
      0.35288527607917786,
      0.5968168377876282,
      0.3571752607822418,
      0.33150431513786316,
      0.33491766452789307,
      0.3355260193347931,
      0.4749474823474884,
      0.37022387981414795,
      0.3484545648097992,
      0.33420518040657043,
      0.33191928267478943,
      0.3217863142490387,
      0.341816782951355,
      0.3480142056941986,
      0.324300616979599,
      0.3248455226421356,
      0.309543251991272,
      0.3298710882663727,
      0.3385680019855499,
      0.38466861844062805,
      0.3557493984699249,
      0.3271162211894989,
      0.33866655826568604,
      0.3729058504104614
    ],
    "0.30": [
      0.5111788511276245,
      0.5829538702964783,
      0.46348801255226135,
      0.43920761346817017,
      0.41712743043899536,
      0.6902817487716675,
      0.4465908110141754,
      0.43518152832984924,
      0.5140353441238403,
      0.4215090870857239,
      0.41682273149490356,
      0.41742026805877686,
      0.4346187114715576,
      0.3911399841308594,
      0.40565240383148193,
      0.4002540111541748,
      0.3989236056804657,
      0.4218890964984894,
      0.38421326875686646,
      0.36953863501548767,
      0.40926888585090637,
      0.4051877558231354,
      0.40458548069000244,
      0.3849447965621948,
      0.37770068645477295,
      0.38144174218177795,
      0.4102094769477844,
      0.386474072933197,
      0.3595186769962311,
      0.4149755835533142,
      0.3826534152030945,
      0.38259157538414,
      0.36503729224205017,
      0.35372868180274963,
      0.4400986135005951,
      0.4640754759311676,
      0.35638198256492615,
      0.3443107604980469,
      0.37124723196029663,
      0.3609803318977356,
      0.3882425129413605,
      0.36256834864616394,
      0.5930988788604736,
      0.4097309410572052,
      0.33702462911605835,
      0.34885847568511963,
      0.40386468172073364,
      0.36457011103630066,
      0.36762458086013794,
      0.35288527607917786,
      0.5968168377876282,
      0.3571752607822418,
      0.33150431513786316,
      0.33491766452789307,
      0.3355260193347931,
      0.4749474823474884,
      0.37022387981414795,
      0.3484545648097992,
      0.33420518040657043,
      0.33191928267478943,
      0.3217863142490387,
      0.341816782951355,
      0.3480142056941986,
      0.324300616979599,
      0.3248455226421356,
      0.309543251991272,
      0.3298710882663727,
      0.3385680019855499,
      0.38466861844062805,
      0.3557493984699249,
      0.3271162211894989,
      0.33866655826568604,
      0.3729058504104614
    ]
  },
  "rec_min": 0.05,
  "val_N": 7513
}